step,training_loss
5,2.447657
10,1.967428
15,2.087938
20,2.099849
25,1.969505
30,1.426238
35,1.32289
40,1.388043
45,1.564845
50,1.339674
55,0.73141
60,0.997287
65,0.964162
