step,training_loss
5,2.526424
10,2.109744
15,2.184679
20,2.200107
25,2.186321
30,1.908111
35,1.812824
40,1.854156
45,2.157041
50,2.104353
55,1.436993
60,1.826894
65,1.757738
