step,training_loss
5,2.509289
10,2.048546
15,2.153262
20,2.171408
25,2.130948
30,1.783949
35,1.659902
40,1.733267
45,2.015148
50,1.947556
55,1.273297
60,1.635374
65,1.589729
